Location,Objects
attic,"['bat', 'mouse']"
bar,['drink']
basement,"['dryer', 'furnace', 'spider']"
bathroom,"['action figure', 'adjustable wrench', 'android figure', 'anti slip tape', 'antidepressant', 'apple', 'backpack', 'balancing cactus', 'banana', 'baseball', 'bath sheet', 'bathtub', 'bathtubbasin', 'battery', 'beard color gel', 'beauty pack', 'bleach cleanser', 'blender jar', 'board game', 'book', 'bookend', 'bowl', 'box', 'bundt pan', 'butter dish', 'cabinet', 'cake mix', 'cake pan', 'camera', 'can opener', 'candle', 'candle holder', 'candy', 'candy bar', 'canister', 'card game', 'carrying case', 'casserole dish', 'cereal', 'chain', 'chocolate', 'chocolate box', 'chocolate milk pods', 'chocolate powder', 'chopping board', 'clamp', 'clay', 'clock', 'cloth', 'coffee beans', 'coffee pods', 'coffeemaker', 'colored wood blocks', 'condiment', 'countertop', 'cracker box', 'crayon', 'cube storage box', 'cup', 'cushion', 'desk caddy', 'diaper pack', 'dietary supplement', 'dish drainer', 'dishsponge', 'dishtowel', 'dispensing closure', 'dog bowl', 'dog chew toy', 'dollhouse toy', 'donut', 'drawer', 'dresser', 'drink coaster', 'duct tape', 'dumbbell', 'dumbbell rack', 'dustpan and brush', 'dutch oven', 'easter basket', 'electric heater', 'electric toothbrush', 'electronic adapter', 'electronic cable', 'face moisturizer', 'faucet', 'file sorter', 'fingerpaint', 'fitness tracker wristband', 'flashlight', 'flat screwdriver', 'floor', 'foam brick', 'folder', 'fondant', 'footstool', 'fork', 'fruit snack', 'garbagecan', 'gelatin box', 'glove', 'golf ball', 'graphics card', 'hair color', 'hair conditioner', 'hair dryer', 'hair straightener', 'hammer', 'hand bell', 'handbag', 'handtowel', 'handtowelholder', 'hard drive', 'hard drive case', 'hat', 'headphone', 'heavy duty gloves', 'heavy master chef can', 'helmet', 'herring fillets', 'honey dipper', 'houseplant', 'incontinence pads', 'ink cartridge', 'instant camera', 'invitation card', 'jar', 'jenga', 'jewelry box', 'keyboard', 'knife', 'knife block', 'labeling tape', 'lamp', 'lantern', 'laptop', 'laptop cover', 'laptop stand', 'large marker', 'laundry box', 'laxative', 'lego duplo', 'lemon', 'letter holder', 'light bulb', 'lightswitch', 'lime squeezer', 'lipstick', 'lunch bag', 'lunch box', 'magnifying glass', 'mascara', 'master chef can', 'measuring tape', 'medicine', 'milk fror', 'mini soccer ball', 'mirror', 'morboard', 'mouse', 'mouse pad', 'movie dvd', 'mug', 'multiport hub', 'mustard bottle', 'neck rest', 'nine hole peg test', 'nintendo switch', 'orange', 'padlock', 'paint bottle set', 'paint maker', 'painting', 'pan', 'paper bag', 'papertowelroll', 'parchment sheet', 'peach', 'pear', 'peg and hammer toy', 'pencil case', 'peppermint', 'pepsi can pack', 'pet food supplement', 'phillips screwdriver', 'phone armband case', 'phone stand', 'picture frame', 'pillow', 'pitcher base', 'plant', 'plant container', 'plant saucer', 'plate', 'plum', 'plunger', 'portable speaker', 'potted meat can', 'power drill', 'pressure cooker', 'pudding box', 'puzzle game', 'racquetball', 'ramekin', 'remote control', 'rmal laminator', 'router', 'rubiks cube', 'salt shaker', 'sanitary pads', 'saucer', 'saute pan', 'scissors', 'scrubbrush', 'set-top box', 'shelf', 'shoe', 'shoe box', 'showercurtain', 'showerdoor', 'showerglass', 'showerhead', 'shredder', 'sidetable', 'sidewalk chalk', 'sink', 'sinkbasin', 'skillet', 'skillet lid', 'skin care product', 'skin moisturizer', 'snack cake', 'snack dispenser', 'soap dish', 'soap dispenser', 'soapbar', 'soapbottle', 'softball', 'software cd', 'sorting toy', 'sparkling water', 'spatula', 'sponge', 'sponge dish', 'spoon', 'spoon rest', 'spraybottle', 'stacking cups', 'stand mixer', 'storage bin', 'strawberry', 'string lights', 'stuffed toy', 'sugar box', 'sugar sprinkles', 'surface saver ring', 'sushi mat', 'table lamp', 'tablet', 'tablet holder', 'tablet stand', 'tampon', 'tea can pack', 'tea pods', 'teapot', 'tennis ball', 'tissuebox', 'toaster', 'toilet', 'toiletpaper', 'toiletpaperhanger', 'tomato soup can', 'toothbrush holder', 'toothbrush pack', 'towel', 'towelholder', 'toy airplane', 'toy animal', 'toy basketball', 'toy bowling set', 'toy construction set', 'toy fishing', 'toy food', 'toy furniture set', 'toy instrument', 'toy kitchen set', 'toy tool kit', 'toy vehicle', 'tray', 'tumbler', 'umbrella', 'usb drive', 'utensil holder', 'vase', 'video game', 'vinyl tape', 'virtual reality viewer', 'washcloth', 'waste basket', 'water bottle', 'weight loss guide', 'whale whistle', 'window', 'wipe warmer', 'wireless accessory', 'xylitol sweetener']"
bedroom,"['action figure', 'adjustable wrench', 'alarmclock', 'android figure', 'anti slip tape', 'antidepressant', 'apple', 'armchair', 'backpack', 'balancing cactus', 'banana', 'baseball', 'baseballbat', 'basketball', 'bath sheet', 'battery', 'beard color gel', 'beauty pack', 'bed', 'bleach cleanser', 'blender jar', 'blind', 'board game', 'book', 'bookend', 'boot', 'bowl', 'box', 'bundt pan', 'butter dish', 'cabinet', 'cake mix', 'cake pan', 'camera', 'can opener', 'candle holder', 'candy', 'candy bar', 'canister', 'card game', 'carrying case', 'casserole dish', 'cd', 'cellphone', 'cereal', 'chain', 'chair', 'chocolate', 'chocolate box', 'chocolate milk pods', 'chocolate powder', 'chopping board', 'clamp', 'clay', 'clock', 'cloth', 'coffee beans', 'coffee pods', 'coffeemaker', 'coffeetable', 'colored wood blocks', 'condiment', 'countertop', 'cracker box', 'crayon', 'creditcard', 'cube storage box', 'cup', 'curtain', 'cushion', 'desk', 'desk caddy', 'desklamp', 'desktop', 'diaper pack', 'dietary supplement', 'dish drainer', 'dishtowel', 'dispensing closure', 'dog bowl', 'dog chew toy', 'dogbed', 'dollhouse toy', 'donut', 'drawer', 'dresser', 'drink coaster', 'duct tape', 'dumbbell', 'dumbbell rack', 'dustpan and brush', 'dutch oven', 'easter basket', 'electric heater', 'electric toothbrush', 'electronic adapter', 'electronic cable', 'face moisturizer', 'file sorter', 'fingerpaint', 'fitness tracker wristband', 'flashlight', 'flat screwdriver', 'floor', 'foam brick', 'folder', 'fondant', 'footstool', 'fork', 'fruit snack', 'garbagebag', 'garbagecan', 'gelatin box', 'glove', 'golf ball', 'graphics card', 'hair color', 'hair conditioner', 'hair dryer', 'hair straightener', 'hammer', 'hand bell', 'handbag', 'hard drive', 'hard drive case', 'hat', 'headphone', 'heavy duty gloves', 'heavy master chef can', 'helmet', 'herring fillets', 'honey dipper', 'houseplant', 'incontinence pads', 'ink cartridge', 'instant camera', 'invitation card', 'jar', 'jenga', 'jewelry box', 'keyboard', 'keychain', 'knife', 'knife block', 'labeling tape', 'lamp', 'lantern', 'laptop', 'laptop cover', 'laptop stand', 'large marker', 'laundry box', 'laundryhamper', 'laxative', 'lego duplo', 'lemon', 'letter holder', 'light bulb', 'lightswitch', 'lime squeezer', 'lipstick', 'lunch bag', 'lunch box', 'magnifying glass', 'mascara', 'master chef can', 'measuring tape', 'medicine', 'milk fror', 'mini soccer ball', 'mirror', 'morboard', 'mouse', 'mouse pad', 'movie dvd', 'mug', 'multiport hub', 'mustard bottle', 'neck rest', 'nine hole peg test', 'nintendo switch', 'orange', 'padlock', 'paint bottle set', 'paint maker', 'painting', 'pan', 'paper bag', 'parchment sheet', 'peach', 'pear', 'peg and hammer toy', 'pen', 'pencil', 'pencil case', 'peppermint', 'pepsi can pack', 'pet food supplement', 'phillips screwdriver', 'phone armband case', 'phone stand', 'picture frame', 'pillow', 'pitcher base', 'plant', 'plant container', 'plant saucer', 'plate', 'plum', 'portable speaker', 'poster', 'potted meat can', 'power drill', 'pressure cooker', 'pudding box', 'puzzle game', 'racquetball', 'ramekin', 'remote control', 'remotecontrol', 'rmal laminator', 'router', 'rubiks cube', 'safe', 'salt shaker', 'sanitary pads', 'saucer', 'saute pan', 'scissors', 'set-top box', 'shelf', 'shelvingunit', 'shoe', 'shoe box', 'shredder', 'sidetable', 'sidewalk chalk', 'skillet', 'skillet lid', 'skin care product', 'skin moisturizer', 'snack cake', 'snack dispenser', 'soap dish', 'soap dispenser', 'sofa', 'softball', 'software cd', 'sorting toy', 'sparkling water', 'spatula', 'sponge', 'sponge dish', 'spoon', 'spoon rest', 'stacking cups', 'stand mixer', 'statue', 'stool', 'storage bin', 'strawberry', 'string lights', 'stuffed toy', 'sugar box', 'sugar sprinkles', 'surface saver ring', 'sushi mat', 'table', 'table lamp', 'tablet', 'tablet holder', 'tablet stand', 'tabletopdecor', 'tampon', 'tea can pack', 'tea pods', 'teapot', 'teddybear', 'television', 'tennis ball', 'tennisracket', 'tissuebox', 'toaster', 'tomato soup can', 'toothbrush holder', 'toothbrush pack', 'towel', 'toy airplane', 'toy animal', 'toy basketball', 'toy bowling set', 'toy construction set', 'toy fishing', 'toy food', 'toy furniture set', 'toy instrument', 'toy kitchen set', 'toy tool kit', 'toy vehicle', 'tray', 'tumbler', 'tv', 'umbrella', 'usb drive', 'utensil holder', 'vacuumcleaner', 'vase', 'video game', 'vinyl tape', 'virtual reality viewer', 'washcloth', 'waste basket', 'watch', 'water bottle', 'weight loss guide', 'whale whistle', 'window', 'wipe warmer', 'wireless accessory', 'xylitol sweetener']"
box,"['batter', 'toy']"
can,['drink']
cellar,['spider']
childs room,"['action figure', 'adjustable wrench', 'android figure', 'anti slip tape', 'antidepressant', 'apple', 'backpack', 'balancing cactus', 'banana', 'baseball', 'bath sheet', 'battery', 'beard color gel', 'beauty pack', 'bleach cleanser', 'blender jar', 'board game', 'book', 'bookend', 'bowl', 'box', 'bundt pan', 'butter dish', 'cake mix', 'cake pan', 'camera', 'can opener', 'candle holder', 'candy', 'candy bar', 'canister', 'card game', 'carrying case', 'casserole dish', 'cereal', 'chain', 'chocolate', 'chocolate box', 'chocolate milk pods', 'chocolate powder', 'chopping board', 'clamp', 'clay', 'clock', 'cloth', 'coffee beans', 'coffee pods', 'coffeemaker', 'colored wood blocks', 'condiment', 'cracker box', 'crayon', 'cube storage box', 'cup', 'cushion', 'desk caddy', 'diaper pack', 'dietary supplement', 'dish drainer', 'dishtowel', 'dispensing closure', 'dog bowl', 'dog chew toy', 'dollhouse toy', 'donut', 'drink coaster', 'duct tape', 'dumbbell', 'dumbbell rack', 'dustpan and brush', 'dutch oven', 'easter basket', 'electric heater', 'electric toothbrush', 'electronic adapter', 'electronic cable', 'face moisturizer', 'file sorter', 'fingerpaint', 'fitness tracker wristband', 'flashlight', 'flat screwdriver', 'foam brick', 'folder', 'fondant', 'fork', 'fruit snack', 'gelatin box', 'glove', 'golf ball', 'graphics card', 'hair color', 'hair conditioner', 'hair dryer', 'hair straightener', 'hammer', 'hand bell', 'handbag', 'hard drive', 'hard drive case', 'hat', 'headphone', 'heavy duty gloves', 'heavy master chef can', 'helmet', 'herring fillets', 'honey dipper', 'incontinence pads', 'ink cartridge', 'instant camera', 'invitation card', 'jar', 'jenga', 'jewelry box', 'keyboard', 'knife', 'knife block', 'labeling tape', 'lamp', 'lantern', 'laptop', 'laptop cover', 'laptop stand', 'large marker', 'laundry box', 'laxative', 'lego duplo', 'lemon', 'letter holder', 'light bulb', 'lime squeezer', 'lipstick', 'lunch bag', 'lunch box', 'magnifying glass', 'mascara', 'master chef can', 'measuring tape', 'medicine', 'milk fror', 'mini soccer ball', 'morboard', 'mouse', 'mouse pad', 'movie dvd', 'mug', 'multiport hub', 'mustard bottle', 'neck rest', 'nine hole peg test', 'nintendo switch', 'orange', 'padlock', 'paint bottle set', 'paint maker', 'pan', 'paper bag', 'parchment sheet', 'peach', 'pear', 'peg and hammer toy', 'pencil case', 'peppermint', 'pepsi can pack', 'pet food supplement', 'phillips screwdriver', 'phone armband case', 'phone stand', 'picture frame', 'pillow', 'pitcher base', 'plant', 'plant container', 'plant saucer', 'plate', 'plum', 'portable speaker', 'potted meat can', 'power drill', 'pressure cooker', 'pudding box', 'puzzle game', 'racquetball', 'ramekin', 'remote control', 'rmal laminator', 'router', 'rubiks cube', 'salt shaker', 'sanitary pads', 'saucer', 'saute pan', 'scissors', 'set-top box', 'shoe', 'shoe box', 'shredder', 'sidewalk chalk', 'skillet', 'skillet lid', 'skin care product', 'skin moisturizer', 'snack cake', 'snack dispenser', 'soap dish', 'soap dispenser', 'softball', 'software cd', 'sorting toy', 'sparkling water', 'spatula', 'sponge', 'sponge dish', 'spoon', 'spoon rest', 'stacking cups', 'stand mixer', 'storage bin', 'strawberry', 'string lights', 'stuffed toy', 'sugar box', 'sugar sprinkles', 'surface saver ring', 'sushi mat', 'table lamp', 'tablet', 'tablet holder', 'tablet stand', 'tampon', 'tea can pack', 'tea pods', 'teapot', 'tennis ball', 'toaster', 'tomato soup can', 'toothbrush holder', 'toothbrush pack', 'towel', 'toy airplane', 'toy animal', 'toy basketball', 'toy bowling set', 'toy construction set', 'toy fishing', 'toy food', 'toy furniture set', 'toy instrument', 'toy kitchen set', 'toy tool kit', 'toy vehicle', 'tray', 'tumbler', 'umbrella', 'usb drive', 'utensil holder', 'vase', 'video game', 'vinyl tape', 'virtual reality viewer', 'washcloth', 'waste basket', 'water bottle', 'weight loss guide', 'whale whistle', 'wipe warmer', 'wireless accessory', 'xylitol sweetener']"
closet,"['action figure', 'adjustable wrench', 'android figure', 'anti slip tape', 'antidepressant', 'apple', 'backpack', 'balancing cactus', 'banana', 'baseball', 'bath sheet', 'battery', 'beard color gel', 'beauty pack', 'bleach cleanser', 'blender jar', 'board game', 'book', 'bookend', 'bowl', 'box', 'bundt pan', 'butter dish', 'cake mix', 'cake pan', 'camera', 'can opener', 'candle holder', 'candy', 'candy bar', 'canister', 'card game', 'carrying case', 'casserole dish', 'cereal', 'chain', 'chocolate', 'chocolate box', 'chocolate milk pods', 'chocolate powder', 'chopping board', 'clamp', 'clay', 'clock', 'cloth', 'coffee beans', 'coffee pods', 'coffeemaker', 'colored wood blocks', 'condiment', 'cracker box', 'crayon', 'cube storage box', 'cup', 'cushion', 'desk caddy', 'diaper pack', 'dietary supplement', 'dish drainer', 'dishtowel', 'dispensing closure', 'dog bowl', 'dog chew toy', 'dollhouse toy', 'donut', 'drink coaster', 'duct tape', 'dumbbell', 'dumbbell rack', 'dustpan and brush', 'dutch oven', 'easter basket', 'electric heater', 'electric toothbrush', 'electronic adapter', 'electronic cable', 'face moisturizer', 'file sorter', 'fingerpaint', 'fitness tracker wristband', 'flashlight', 'flat screwdriver', 'foam brick', 'folder', 'fondant', 'fork', 'fruit snack', 'gelatin box', 'glove', 'golf ball', 'graphics card', 'hair color', 'hair conditioner', 'hair dryer', 'hair straightener', 'hammer', 'hand bell', 'handbag', 'hard drive', 'hard drive case', 'hat', 'headphone', 'heavy duty gloves', 'heavy master chef can', 'helmet', 'herring fillets', 'honey dipper', 'incontinence pads', 'ink cartridge', 'instant camera', 'invitation card', 'jar', 'jenga', 'jewelry box', 'keyboard', 'knife', 'knife block', 'labeling tape', 'lamp', 'lantern', 'laptop', 'laptop cover', 'laptop stand', 'large marker', 'laundry box', 'laxative', 'lego duplo', 'lemon', 'letter holder', 'light bulb', 'lime squeezer', 'lipstick', 'lunch bag', 'lunch box', 'magnifying glass', 'mascara', 'master chef can', 'measuring tape', 'medicine', 'milk fror', 'mini soccer ball', 'morboard', 'mouse', 'mouse pad', 'movie dvd', 'mug', 'multiport hub', 'mustard bottle', 'neck rest', 'nine hole peg test', 'nintendo switch', 'orange', 'padlock', 'paint bottle set', 'paint maker', 'pan', 'paper bag', 'parchment sheet', 'peach', 'pear', 'peg and hammer toy', 'pencil case', 'peppermint', 'pepsi can pack', 'pet food supplement', 'phillips screwdriver', 'phone armband case', 'phone stand', 'picture frame', 'pillow', 'pitcher base', 'plant', 'plant container', 'plant saucer', 'plate', 'plum', 'portable speaker', 'potted meat can', 'power drill', 'pressure cooker', 'pudding box', 'puzzle game', 'racquetball', 'ramekin', 'remote control', 'rmal laminator', 'router', 'rubiks cube', 'salt shaker', 'sanitary pads', 'saucer', 'saute pan', 'scissors', 'set-top box', 'shoe', 'shoe box', 'shredder', 'sidewalk chalk', 'skillet', 'skillet lid', 'skin care product', 'skin moisturizer', 'snack cake', 'snack dispenser', 'soap dish', 'soap dispenser', 'softball', 'software cd', 'sorting toy', 'sparkling water', 'spatula', 'spider', 'sponge', 'sponge dish', 'spoon', 'spoon rest', 'stacking cups', 'stand mixer', 'storage bin', 'strawberry', 'string lights', 'stuffed toy', 'sugar box', 'sugar sprinkles', 'surface saver ring', 'sushi mat', 'table lamp', 'tablet', 'tablet holder', 'tablet stand', 'tampon', 'tea can pack', 'tea pods', 'teapot', 'tennis ball', 'toaster', 'tomato soup can', 'toothbrush holder', 'toothbrush pack', 'towel', 'toy airplane', 'toy animal', 'toy basketball', 'toy bowling set', 'toy construction set', 'toy fishing', 'toy food', 'toy furniture set', 'toy instrument', 'toy kitchen set', 'toy tool kit', 'toy vehicle', 'tray', 'tumbler', 'umbrella', 'usb drive', 'utensil holder', 'vase', 'video game', 'vinyl tape', 'virtual reality viewer', 'washcloth', 'waste basket', 'water bottle', 'weight loss guide', 'whale whistle', 'wipe warmer', 'wireless accessory', 'xylitol sweetener']"
corridor,"['action figure', 'adjustable wrench', 'android figure', 'anti slip tape', 'antidepressant', 'apple', 'backpack', 'balancing cactus', 'banana', 'baseball', 'bath sheet', 'battery', 'beard color gel', 'beauty pack', 'bleach cleanser', 'blender jar', 'board game', 'book', 'bookend', 'bowl', 'box', 'bundt pan', 'butter dish', 'cake mix', 'cake pan', 'camera', 'can opener', 'candle holder', 'candy', 'candy bar', 'canister', 'card game', 'carrying case', 'casserole dish', 'cereal', 'chain', 'chocolate', 'chocolate box', 'chocolate milk pods', 'chocolate powder', 'chopping board', 'clamp', 'clay', 'clock', 'cloth', 'coffee beans', 'coffee pods', 'coffeemaker', 'colored wood blocks', 'condiment', 'cracker box', 'crayon', 'cube storage box', 'cup', 'cushion', 'desk caddy', 'diaper pack', 'dietary supplement', 'dish drainer', 'dishtowel', 'dispensing closure', 'dog bowl', 'dog chew toy', 'dollhouse toy', 'donut', 'drink coaster', 'duct tape', 'dumbbell', 'dumbbell rack', 'dustpan and brush', 'dutch oven', 'easter basket', 'electric heater', 'electric toothbrush', 'electronic adapter', 'electronic cable', 'face moisturizer', 'file sorter', 'fingerpaint', 'fitness tracker wristband', 'flashlight', 'flat screwdriver', 'foam brick', 'folder', 'fondant', 'fork', 'fruit snack', 'gelatin box', 'glove', 'golf ball', 'graphics card', 'hair color', 'hair conditioner', 'hair dryer', 'hair straightener', 'hammer', 'hand bell', 'handbag', 'hard drive', 'hard drive case', 'hat', 'headphone', 'heavy duty gloves', 'heavy master chef can', 'helmet', 'herring fillets', 'honey dipper', 'incontinence pads', 'ink cartridge', 'instant camera', 'invitation card', 'jar', 'jenga', 'jewelry box', 'keyboard', 'knife', 'knife block', 'labeling tape', 'lamp', 'lantern', 'laptop', 'laptop cover', 'laptop stand', 'large marker', 'laundry box', 'laxative', 'lego duplo', 'lemon', 'letter holder', 'light bulb', 'lime squeezer', 'lipstick', 'lunch bag', 'lunch box', 'magnifying glass', 'mascara', 'master chef can', 'measuring tape', 'medicine', 'milk fror', 'mini soccer ball', 'morboard', 'mouse', 'mouse pad', 'movie dvd', 'mug', 'multiport hub', 'mustard bottle', 'neck rest', 'nine hole peg test', 'nintendo switch', 'orange', 'padlock', 'paint bottle set', 'paint maker', 'pan', 'paper bag', 'parchment sheet', 'peach', 'pear', 'peg and hammer toy', 'pencil case', 'peppermint', 'pepsi can pack', 'pet food supplement', 'phillips screwdriver', 'phone armband case', 'phone stand', 'picture frame', 'pillow', 'pitcher base', 'plant', 'plant container', 'plant saucer', 'plate', 'plum', 'portable speaker', 'potted meat can', 'power drill', 'pressure cooker', 'pudding box', 'puzzle game', 'racquetball', 'ramekin', 'remote control', 'rmal laminator', 'router', 'rubiks cube', 'salt shaker', 'sanitary pads', 'saucer', 'saute pan', 'scissors', 'set-top box', 'shoe', 'shoe box', 'shredder', 'sidewalk chalk', 'skillet', 'skillet lid', 'skin care product', 'skin moisturizer', 'snack cake', 'snack dispenser', 'soap dish', 'soap dispenser', 'softball', 'software cd', 'sorting toy', 'sparkling water', 'spatula', 'sponge', 'sponge dish', 'spoon', 'spoon rest', 'stacking cups', 'stand mixer', 'storage bin', 'strawberry', 'string lights', 'stuffed toy', 'sugar box', 'sugar sprinkles', 'surface saver ring', 'sushi mat', 'table lamp', 'tablet', 'tablet holder', 'tablet stand', 'tampon', 'tea can pack', 'tea pods', 'teapot', 'tennis ball', 'toaster', 'tomato soup can', 'toothbrush holder', 'toothbrush pack', 'towel', 'toy airplane', 'toy animal', 'toy basketball', 'toy bowling set', 'toy construction set', 'toy fishing', 'toy food', 'toy furniture set', 'toy instrument', 'toy kitchen set', 'toy tool kit', 'toy vehicle', 'tray', 'tumbler', 'umbrella', 'usb drive', 'utensil holder', 'vase', 'video game', 'vinyl tape', 'virtual reality viewer', 'washcloth', 'waste basket', 'water bottle', 'weight loss guide', 'whale whistle', 'wipe warmer', 'wireless accessory', 'xylitol sweetener']"
dining room,"['action figure', 'adjustable wrench', 'android figure', 'anti slip tape', 'antidepressant', 'apple', 'backpack', 'balancing cactus', 'banana', 'baseball', 'bath sheet', 'battery', 'beard color gel', 'beauty pack', 'bleach cleanser', 'blender jar', 'board game', 'book', 'bookend', 'bowl', 'box', 'bundt pan', 'butter dish', 'cake mix', 'cake pan', 'camera', 'can opener', 'candle holder', 'candy', 'candy bar', 'canister', 'card game', 'carrying case', 'casserole dish', 'cereal', 'chain', 'chocolate', 'chocolate box', 'chocolate milk pods', 'chocolate powder', 'chopping board', 'clamp', 'clay', 'clock', 'cloth', 'coffee beans', 'coffee pods', 'coffeemaker', 'colored wood blocks', 'condiment', 'cracker box', 'crayon', 'cube storage box', 'cup', 'cushion', 'desk caddy', 'diaper pack', 'dietary supplement', 'dish drainer', 'dishtowel', 'dispensing closure', 'dog bowl', 'dog chew toy', 'dollhouse toy', 'donut', 'drink coaster', 'duct tape', 'dumbbell', 'dumbbell rack', 'dustpan and brush', 'dutch oven', 'easter basket', 'electric heater', 'electric toothbrush', 'electronic adapter', 'electronic cable', 'face moisturizer', 'file sorter', 'fingerpaint', 'fitness tracker wristband', 'flashlight', 'flat screwdriver', 'foam brick', 'folder', 'fondant', 'fork', 'fruit snack', 'gelatin box', 'glove', 'golf ball', 'graphics card', 'hair color', 'hair conditioner', 'hair dryer', 'hair straightener', 'hammer', 'hand bell', 'handbag', 'hard drive', 'hard drive case', 'hat', 'headphone', 'heavy duty gloves', 'heavy master chef can', 'helmet', 'herring fillets', 'honey dipper', 'incontinence pads', 'ink cartridge', 'instant camera', 'invitation card', 'jar', 'jenga', 'jewelry box', 'keyboard', 'knife', 'knife block', 'labeling tape', 'lamp', 'lantern', 'laptop', 'laptop cover', 'laptop stand', 'large marker', 'laundry box', 'laxative', 'lego duplo', 'lemon', 'letter holder', 'light bulb', 'lime squeezer', 'lipstick', 'lunch bag', 'lunch box', 'magnifying glass', 'mascara', 'master chef can', 'measuring tape', 'medicine', 'milk fror', 'mini soccer ball', 'morboard', 'mouse', 'mouse pad', 'movie dvd', 'mug', 'multiport hub', 'mustard bottle', 'neck rest', 'nine hole peg test', 'nintendo switch', 'orange', 'padlock', 'paint bottle set', 'paint maker', 'pan', 'paper bag', 'parchment sheet', 'peach', 'pear', 'peg and hammer toy', 'pencil case', 'peppermint', 'pepsi can pack', 'pet food supplement', 'phillips screwdriver', 'phone armband case', 'phone stand', 'picture frame', 'pillow', 'pitcher base', 'plant', 'plant container', 'plant saucer', 'plate', 'plum', 'portable speaker', 'potted meat can', 'power drill', 'pressure cooker', 'pudding box', 'puzzle game', 'racquetball', 'ramekin', 'remote control', 'rmal laminator', 'router', 'rubiks cube', 'salt shaker', 'sanitary pads', 'saucer', 'saute pan', 'scissors', 'set-top box', 'shoe', 'shoe box', 'shredder', 'sidewalk chalk', 'skillet', 'skillet lid', 'skin care product', 'skin moisturizer', 'snack cake', 'snack dispenser', 'soap dish', 'soap dispenser', 'softball', 'software cd', 'sorting toy', 'sparkling water', 'spatula', 'sponge', 'sponge dish', 'spoon', 'spoon rest', 'stacking cups', 'stand mixer', 'storage bin', 'strawberry', 'string lights', 'stuffed toy', 'sugar box', 'sugar sprinkles', 'surface saver ring', 'sushi mat', 'table lamp', 'tablet', 'tablet holder', 'tablet stand', 'tampon', 'tea can pack', 'tea pods', 'teapot', 'tennis ball', 'toaster', 'tomato soup can', 'toothbrush holder', 'toothbrush pack', 'towel', 'toy airplane', 'toy animal', 'toy basketball', 'toy bowling set', 'toy construction set', 'toy fishing', 'toy food', 'toy furniture set', 'toy instrument', 'toy kitchen set', 'toy tool kit', 'toy vehicle', 'tray', 'tumbler', 'umbrella', 'usb drive', 'utensil holder', 'vase', 'video game', 'vinyl tape', 'virtual reality viewer', 'washcloth', 'waste basket', 'water bottle', 'weight loss guide', 'whale whistle', 'wipe warmer', 'wireless accessory', 'xylitol sweetener']"
dumpster,['garbage']
exercise room,"['action figure', 'adjustable wrench', 'android figure', 'anti slip tape', 'antidepressant', 'apple', 'backpack', 'balancing cactus', 'banana', 'baseball', 'bath sheet', 'battery', 'beard color gel', 'beauty pack', 'bleach cleanser', 'blender jar', 'board game', 'book', 'bookend', 'bowl', 'box', 'bundt pan', 'butter dish', 'cake mix', 'cake pan', 'camera', 'can opener', 'candle holder', 'candy', 'candy bar', 'canister', 'card game', 'carrying case', 'casserole dish', 'cereal', 'chain', 'chocolate', 'chocolate box', 'chocolate milk pods', 'chocolate powder', 'chopping board', 'clamp', 'clay', 'clock', 'cloth', 'coffee beans', 'coffee pods', 'coffeemaker', 'colored wood blocks', 'condiment', 'cracker box', 'crayon', 'cube storage box', 'cup', 'cushion', 'desk caddy', 'diaper pack', 'dietary supplement', 'dish drainer', 'dishtowel', 'dispensing closure', 'dog bowl', 'dog chew toy', 'dollhouse toy', 'donut', 'drink coaster', 'duct tape', 'dumbbell', 'dumbbell rack', 'dustpan and brush', 'dutch oven', 'easter basket', 'electric heater', 'electric toothbrush', 'electronic adapter', 'electronic cable', 'face moisturizer', 'file sorter', 'fingerpaint', 'fitness tracker wristband', 'flashlight', 'flat screwdriver', 'foam brick', 'folder', 'fondant', 'fork', 'fruit snack', 'gelatin box', 'glove', 'golf ball', 'graphics card', 'hair color', 'hair conditioner', 'hair dryer', 'hair straightener', 'hammer', 'hand bell', 'handbag', 'hard drive', 'hard drive case', 'hat', 'headphone', 'heavy duty gloves', 'heavy master chef can', 'helmet', 'herring fillets', 'honey dipper', 'incontinence pads', 'ink cartridge', 'instant camera', 'invitation card', 'jar', 'jenga', 'jewelry box', 'keyboard', 'knife', 'knife block', 'labeling tape', 'lamp', 'lantern', 'laptop', 'laptop cover', 'laptop stand', 'large marker', 'laundry box', 'laxative', 'lego duplo', 'lemon', 'letter holder', 'light bulb', 'lime squeezer', 'lipstick', 'lunch bag', 'lunch box', 'magnifying glass', 'mascara', 'master chef can', 'measuring tape', 'medicine', 'milk fror', 'mini soccer ball', 'morboard', 'mouse', 'mouse pad', 'movie dvd', 'mug', 'multiport hub', 'mustard bottle', 'neck rest', 'nine hole peg test', 'nintendo switch', 'orange', 'padlock', 'paint bottle set', 'paint maker', 'pan', 'paper bag', 'parchment sheet', 'peach', 'pear', 'peg and hammer toy', 'pencil case', 'peppermint', 'pepsi can pack', 'pet food supplement', 'phillips screwdriver', 'phone armband case', 'phone stand', 'picture frame', 'pillow', 'pitcher base', 'plant', 'plant container', 'plant saucer', 'plate', 'plum', 'portable speaker', 'potted meat can', 'power drill', 'pressure cooker', 'pudding box', 'puzzle game', 'racquetball', 'ramekin', 'remote control', 'rmal laminator', 'router', 'rubiks cube', 'salt shaker', 'sanitary pads', 'saucer', 'saute pan', 'scissors', 'set-top box', 'shoe', 'shoe box', 'shredder', 'sidewalk chalk', 'skillet', 'skillet lid', 'skin care product', 'skin moisturizer', 'snack cake', 'snack dispenser', 'soap dish', 'soap dispenser', 'softball', 'software cd', 'sorting toy', 'sparkling water', 'spatula', 'sponge', 'sponge dish', 'spoon', 'spoon rest', 'stacking cups', 'stand mixer', 'storage bin', 'strawberry', 'string lights', 'stuffed toy', 'sugar box', 'sugar sprinkles', 'surface saver ring', 'sushi mat', 'table lamp', 'tablet', 'tablet holder', 'tablet stand', 'tampon', 'tea can pack', 'tea pods', 'teapot', 'tennis ball', 'toaster', 'tomato soup can', 'toothbrush holder', 'toothbrush pack', 'towel', 'toy airplane', 'toy animal', 'toy basketball', 'toy bowling set', 'toy construction set', 'toy fishing', 'toy food', 'toy furniture set', 'toy instrument', 'toy kitchen set', 'toy tool kit', 'toy vehicle', 'tray', 'tumbler', 'umbrella', 'usb drive', 'utensil holder', 'vase', 'video game', 'vinyl tape', 'virtual reality viewer', 'washcloth', 'waste basket', 'water bottle', 'weight loss guide', 'whale whistle', 'wipe warmer', 'wireless accessory', 'xylitol sweetener']"
family room,['tv']
freezer,['steak']
garage,"['action figure', 'adjustable wrench', 'android figure', 'anti slip tape', 'antidepressant', 'apple', 'backpack', 'balancing cactus', 'banana', 'baseball', 'bath sheet', 'battery', 'beard color gel', 'beauty pack', 'bleach cleanser', 'blender jar', 'board game', 'book', 'bookend', 'bowl', 'box', 'bundt pan', 'butter dish', 'cake mix', 'cake pan', 'camera', 'can opener', 'candle holder', 'candy', 'candy bar', 'canister', 'card game', 'carrying case', 'casserole dish', 'cereal', 'chain', 'chocolate', 'chocolate box', 'chocolate milk pods', 'chocolate powder', 'chopping board', 'clamp', 'clay', 'clock', 'cloth', 'coffee beans', 'coffee pods', 'coffeemaker', 'colored wood blocks', 'condiment', 'cracker box', 'crayon', 'cube storage box', 'cup', 'cushion', 'desk caddy', 'diaper pack', 'dietary supplement', 'dish drainer', 'dishtowel', 'dispensing closure', 'dog bowl', 'dog chew toy', 'dollhouse toy', 'donut', 'drink coaster', 'duct tape', 'dumbbell', 'dumbbell rack', 'dustpan and brush', 'dutch oven', 'easter basket', 'electric heater', 'electric toothbrush', 'electronic adapter', 'electronic cable', 'face moisturizer', 'file sorter', 'fingerpaint', 'fitness tracker wristband', 'flashlight', 'flat screwdriver', 'foam brick', 'folder', 'fondant', 'fork', 'fruit snack', 'gelatin box', 'glove', 'golf ball', 'graphics card', 'hair color', 'hair conditioner', 'hair dryer', 'hair straightener', 'hammer', 'hand bell', 'handbag', 'hard drive', 'hard drive case', 'hat', 'headphone', 'heavy duty gloves', 'heavy master chef can', 'helmet', 'herring fillets', 'honey dipper', 'incontinence pads', 'ink cartridge', 'instant camera', 'invitation card', 'jar', 'jenga', 'jewelry box', 'keyboard', 'knife', 'knife block', 'labeling tape', 'lamp', 'lantern', 'laptop', 'laptop cover', 'laptop stand', 'large marker', 'laundry box', 'laxative', 'lego duplo', 'lemon', 'letter holder', 'light bulb', 'lime squeezer', 'lipstick', 'lunch bag', 'lunch box', 'magnifying glass', 'mascara', 'master chef can', 'measuring tape', 'medicine', 'milk fror', 'mini soccer ball', 'morboard', 'mouse', 'mouse pad', 'movie dvd', 'mug', 'multiport hub', 'mustard bottle', 'neck rest', 'nine hole peg test', 'nintendo switch', 'orange', 'padlock', 'paint bottle set', 'paint maker', 'pan', 'paper bag', 'parchment sheet', 'peach', 'pear', 'peg and hammer toy', 'pencil case', 'peppermint', 'pepsi can pack', 'pet food supplement', 'phillips screwdriver', 'phone armband case', 'phone stand', 'picture frame', 'pillow', 'pitcher base', 'plant', 'plant container', 'plant saucer', 'plate', 'plum', 'portable speaker', 'potted meat can', 'power drill', 'pressure cooker', 'pudding box', 'puzzle game', 'racquetball', 'ramekin', 'remote control', 'rmal laminator', 'router', 'rubiks cube', 'salt shaker', 'sanitary pads', 'saucer', 'saute pan', 'scissors', 'set-top box', 'shoe', 'shoe box', 'shredder', 'sidewalk chalk', 'skillet', 'skillet lid', 'skin care product', 'skin moisturizer', 'snack cake', 'snack dispenser', 'soap dish', 'soap dispenser', 'softball', 'software cd', 'sorting toy', 'sparkling water', 'spatula', 'sponge', 'sponge dish', 'spoon', 'spoon rest', 'stacking cups', 'stand mixer', 'storage bin', 'strawberry', 'string lights', 'stuffed toy', 'sugar box', 'sugar sprinkles', 'surface saver ring', 'sushi mat', 'table lamp', 'tablet', 'tablet holder', 'tablet stand', 'tampon', 'tea can pack', 'tea pods', 'teapot', 'tennis ball', 'toaster', 'tomato soup can', 'toothbrush holder', 'toothbrush pack', 'towel', 'toy airplane', 'toy animal', 'toy basketball', 'toy bowling set', 'toy construction set', 'toy fishing', 'toy food', 'toy furniture set', 'toy instrument', 'toy kitchen set', 'toy tool kit', 'toy vehicle', 'tray', 'tumbler', 'umbrella', 'usb drive', 'utensil holder', 'vase', 'video game', 'vinyl tape', 'virtual reality viewer', 'washcloth', 'waste basket', 'water bottle', 'weight loss guide', 'whale whistle', 'wipe warmer', 'wireless accessory', 'xylitol sweetener']"
home office,"['action figure', 'adjustable wrench', 'android figure', 'anti slip tape', 'antidepressant', 'apple', 'backpack', 'balancing cactus', 'banana', 'baseball', 'bath sheet', 'battery', 'beard color gel', 'beauty pack', 'bleach cleanser', 'blender jar', 'board game', 'book', 'bookend', 'bowl', 'box', 'bundt pan', 'butter dish', 'cake mix', 'cake pan', 'camera', 'can opener', 'candle holder', 'candy', 'candy bar', 'canister', 'card game', 'carrying case', 'casserole dish', 'cereal', 'chain', 'chocolate', 'chocolate box', 'chocolate milk pods', 'chocolate powder', 'chopping board', 'clamp', 'clay', 'clock', 'cloth', 'coffee beans', 'coffee pods', 'coffeemaker', 'colored wood blocks', 'condiment', 'cracker box', 'crayon', 'cube storage box', 'cup', 'cushion', 'desk caddy', 'diaper pack', 'dietary supplement', 'dish drainer', 'dishtowel', 'dispensing closure', 'dog bowl', 'dog chew toy', 'dollhouse toy', 'donut', 'drink coaster', 'duct tape', 'dumbbell', 'dumbbell rack', 'dustpan and brush', 'dutch oven', 'easter basket', 'electric heater', 'electric toothbrush', 'electronic adapter', 'electronic cable', 'face moisturizer', 'file sorter', 'fingerpaint', 'fitness tracker wristband', 'flashlight', 'flat screwdriver', 'foam brick', 'folder', 'fondant', 'fork', 'fruit snack', 'gelatin box', 'glove', 'golf ball', 'graphics card', 'hair color', 'hair conditioner', 'hair dryer', 'hair straightener', 'hammer', 'hand bell', 'handbag', 'hard drive', 'hard drive case', 'hat', 'headphone', 'heavy duty gloves', 'heavy master chef can', 'helmet', 'herring fillets', 'honey dipper', 'incontinence pads', 'ink cartridge', 'instant camera', 'invitation card', 'jar', 'jenga', 'jewelry box', 'keyboard', 'knife', 'knife block', 'labeling tape', 'lamp', 'lantern', 'laptop', 'laptop cover', 'laptop stand', 'large marker', 'laundry box', 'laxative', 'lego duplo', 'lemon', 'letter holder', 'light bulb', 'lime squeezer', 'lipstick', 'lunch bag', 'lunch box', 'magnifying glass', 'mascara', 'master chef can', 'measuring tape', 'medicine', 'milk fror', 'mini soccer ball', 'morboard', 'mouse', 'mouse pad', 'movie dvd', 'mug', 'multiport hub', 'mustard bottle', 'neck rest', 'nine hole peg test', 'nintendo switch', 'orange', 'padlock', 'paint bottle set', 'paint maker', 'pan', 'paper bag', 'parchment sheet', 'peach', 'pear', 'peg and hammer toy', 'pencil case', 'peppermint', 'pepsi can pack', 'pet food supplement', 'phillips screwdriver', 'phone armband case', 'phone stand', 'picture frame', 'pillow', 'pitcher base', 'plant', 'plant container', 'plant saucer', 'plate', 'plum', 'portable speaker', 'potted meat can', 'power drill', 'pressure cooker', 'pudding box', 'puzzle game', 'racquetball', 'ramekin', 'remote control', 'rmal laminator', 'router', 'rubiks cube', 'salt shaker', 'sanitary pads', 'saucer', 'saute pan', 'scissors', 'set-top box', 'shoe', 'shoe box', 'shredder', 'sidewalk chalk', 'skillet', 'skillet lid', 'skin care product', 'skin moisturizer', 'snack cake', 'snack dispenser', 'soap dish', 'soap dispenser', 'softball', 'software cd', 'sorting toy', 'sparkling water', 'spatula', 'sponge', 'sponge dish', 'spoon', 'spoon rest', 'stacking cups', 'stand mixer', 'storage bin', 'strawberry', 'string lights', 'stuffed toy', 'sugar box', 'sugar sprinkles', 'surface saver ring', 'sushi mat', 'table lamp', 'tablet', 'tablet holder', 'tablet stand', 'tampon', 'tea can pack', 'tea pods', 'teapot', 'tennis ball', 'toaster', 'tomato soup can', 'toothbrush holder', 'toothbrush pack', 'towel', 'toy airplane', 'toy animal', 'toy basketball', 'toy bowling set', 'toy construction set', 'toy fishing', 'toy food', 'toy furniture set', 'toy instrument', 'toy kitchen set', 'toy tool kit', 'toy vehicle', 'tray', 'tumbler', 'umbrella', 'usb drive', 'utensil holder', 'vase', 'video game', 'vinyl tape', 'virtual reality viewer', 'washcloth', 'waste basket', 'water bottle', 'weight loss guide', 'whale whistle', 'wipe warmer', 'wireless accessory', 'xylitol sweetener']"
house,['tv']
jar,['candy']
kitchen,"['action figure', 'adjustable wrench', 'aluminumfoil', 'android figure', 'anti slip tape', 'antidepressant', 'apple', 'backpack', 'balancing cactus', 'banana', 'baseball', 'bath sheet', 'battery', 'beard color gel', 'beauty pack', 'bleach cleanser', 'blender jar', 'blind', 'board game', 'book', 'bookend', 'bottle', 'bowl', 'box', 'bread', 'bundt pan', 'butter dish', 'butterknife', 'cabinet', 'cake mix', 'cake pan', 'camera', 'can opener', 'candle holder', 'candy', 'candy bar', 'canister', 'card game', 'carrying case', 'casserole dish', 'cellphone', 'cereal', 'chain', 'chair', 'chocolate', 'chocolate box', 'chocolate milk pods', 'chocolate powder', 'chopping board', 'clamp', 'clay', 'clock', 'cloth', 'coffee beans', 'coffee pods', 'coffeemachine', 'coffeemaker', 'colored wood blocks', 'condiment', 'countertop', 'cracker box', 'crayon', 'creditcard', 'cube storage box', 'cup', 'curtain', 'cushion', 'desk caddy', 'diaper pack', 'dietary supplement', 'diningtable', 'dish drainer', 'dishsponge', 'dishtowel', 'dishwasher', 'dispensing closure', 'dog bowl', 'dog chew toy', 'dollhouse toy', 'donut', 'drawer', 'drink coaster', 'duct tape', 'dumbbell', 'dumbbell rack', 'dustpan and brush', 'dutch oven', 'easter basket', 'egg', 'electric heater', 'electric toothbrush', 'electronic adapter', 'electronic cable', 'face moisturizer', 'faucet', 'file sorter', 'fingerpaint', 'fitness tracker wristband', 'flashlight', 'flat screwdriver', 'floor', 'foam brick', 'folder', 'fondant', 'fork', 'fridge', 'fruit snack', 'garbagebag', 'garbagecan', 'gelatin box', 'glove', 'golf ball', 'graphics card', 'hair color', 'hair conditioner', 'hair dryer', 'hair straightener', 'hammer', 'hand bell', 'handbag', 'hard drive', 'hard drive case', 'hat', 'headphone', 'heavy duty gloves', 'heavy master chef can', 'helmet', 'herring fillets', 'honey dipper', 'houseplant', 'incontinence pads', 'ink cartridge', 'instant camera', 'invitation card', 'jar', 'jenga', 'jewelry box', 'kettle', 'keyboard', 'knife', 'knife block', 'labeling tape', 'ladle', 'lamp', 'lantern', 'laptop', 'laptop cover', 'laptop stand', 'large marker', 'laundry box', 'laxative', 'lego duplo', 'lemon', 'letter holder', 'lettuce', 'light bulb', 'lightswitch', 'lime squeezer', 'lipstick', 'lunch bag', 'lunch box', 'magnifying glass', 'mascara', 'master chef can', 'measuring tape', 'medicine', 'microwave', 'milk fror', 'mini soccer ball', 'mirror', 'morboard', 'mouse', 'mouse pad', 'movie dvd', 'mug', 'multiport hub', 'mustard bottle', 'neck rest', 'nine hole peg test', 'nintendo switch', 'orange', 'padlock', 'paint bottle set', 'paint maker', 'pan', 'paper bag', 'papertowelroll', 'parchment sheet', 'peach', 'pear', 'peg and hammer toy', 'pen', 'pencil', 'pencil case', 'peppermint', 'peppershaker', 'pepsi can pack', 'pet food supplement', 'phillips screwdriver', 'phone armband case', 'phone stand', 'picture frame', 'pillow', 'pitcher base', 'plant', 'plant container', 'plant saucer', 'plate', 'plum', 'portable speaker', 'pot', 'potato', 'potted meat can', 'power drill', 'pressure cooker', 'pudding box', 'puzzle game', 'racquetball', 'ramekin', 'remote control', 'rmal laminator', 'router', 'rubiks cube', 'safe', 'salt shaker', 'saltshaker', 'sanitary pads', 'saucer', 'saute pan', 'scissors', 'set-top box', 'shelf', 'shelvingunit', 'shoe', 'shoe box', 'shredder', 'sidetable', 'sidewalk chalk', 'sink', 'sinkbasin', 'skillet', 'skillet lid', 'skin care product', 'skin moisturizer', 'snack cake', 'snack dispenser', 'soap dish', 'soap dispenser', 'soapbottle', 'softball', 'software cd', 'sorting toy', 'sparkling water', 'spatula', 'sponge', 'sponge dish', 'spoon', 'spoon rest', 'spraybottle', 'stacking cups', 'stand mixer', 'statue', 'stool', 'storage bin', 'stoveburner', 'stoveknob', 'strawberry', 'string lights', 'stuffed toy', 'sugar box', 'sugar sprinkles', 'surface saver ring', 'sushi mat', 'table', 'table lamp', 'tablet', 'tablet holder', 'tablet stand', 'tampon', 'tea can pack', 'tea pods', 'teapot', 'tennis ball', 'toaster', 'tomato', 'tomato soup can', 'toothbrush holder', 'toothbrush pack', 'towel', 'toy airplane', 'toy animal', 'toy basketball', 'toy bowling set', 'toy construction set', 'toy fishing', 'toy food', 'toy furniture set', 'toy instrument', 'toy kitchen set', 'toy tool kit', 'toy vehicle', 'tray', 'tumbler', 'umbrella', 'usb drive', 'utensil holder', 'vase', 'video game', 'vinyl tape', 'virtual reality viewer', 'washcloth', 'waste basket', 'water bottle', 'weight loss guide', 'whale whistle', 'window', 'wine glass', 'winebottle', 'wipe warmer', 'wireless accessory', 'xylitol sweetener']"
living room,"['action figure', 'adjustable wrench', 'android figure', 'anti slip tape', 'antidepressant', 'apple', 'armchair', 'backpack', 'balancing cactus', 'banana', 'baseball', 'bath sheet', 'battery', 'beard color gel', 'beauty pack', 'bleach cleanser', 'blender jar', 'blind', 'board game', 'book', 'bookend', 'boot', 'bowl', 'box', 'bundt pan', 'butter dish', 'cabinet', 'cake mix', 'cake pan', 'camera', 'can opener', 'candle', 'candle holder', 'candy', 'candy bar', 'canister', 'card game', 'carrying case', 'casserole dish', 'cellphone', 'cereal', 'chain', 'chair', 'chocolate', 'chocolate box', 'chocolate milk pods', 'chocolate powder', 'chopping board', 'clamp', 'clay', 'clock', 'cloth', 'coffee beans', 'coffee pods', 'coffeemaker', 'coffeetable', 'colored wood blocks', 'condiment', 'cracker box', 'crayon', 'creditcard', 'cube storage box', 'cup', 'curtain', 'cushion', 'desk', 'desk caddy', 'desklamp', 'diaper pack', 'dietary supplement', 'diningtable', 'dish drainer', 'dishtowel', 'dispensing closure', 'dog bowl', 'dog chew toy', 'dogbed', 'dollhouse toy', 'donut', 'drawer', 'dresser', 'drink coaster', 'duct tape', 'dumbbell', 'dumbbell rack', 'dustpan and brush', 'dutch oven', 'easter basket', 'electric heater', 'electric toothbrush', 'electronic adapter', 'electronic cable', 'face moisturizer', 'file sorter', 'fingerpaint', 'fitness tracker wristband', 'flashlight', 'flat screwdriver', 'floor', 'floorlamp', 'foam brick', 'folder', 'fondant', 'fork', 'fruit snack', 'garbagecan', 'gelatin box', 'glove', 'golf ball', 'graphics card', 'hair color', 'hair conditioner', 'hair dryer', 'hair straightener', 'hammer', 'hand bell', 'handbag', 'hard drive', 'hard drive case', 'hat', 'headphone', 'heavy duty gloves', 'heavy master chef can', 'helmet', 'herring fillets', 'honey dipper', 'houseplant', 'incontinence pads', 'ink cartridge', 'instant camera', 'invitation card', 'jar', 'jenga', 'jewelry box', 'keyboard', 'keychain', 'knife', 'knife block', 'labeling tape', 'lamp', 'lantern', 'laptop', 'laptop cover', 'laptop stand', 'large marker', 'laundry box', 'laxative', 'lego duplo', 'lemon', 'letter holder', 'light bulb', 'lightswitch', 'lime squeezer', 'lipstick', 'lunch bag', 'lunch box', 'magnifying glass', 'mascara', 'master chef can', 'measuring tape', 'medicine', 'milk fror', 'mini soccer ball', 'mirror', 'morboard', 'mouse', 'mouse pad', 'movie dvd', 'mug', 'multiport hub', 'mustard bottle', 'neck rest', 'newspaper', 'nine hole peg test', 'nintendo switch', 'orange', 'ottoman', 'padlock', 'paint bottle set', 'paint maker', 'painting', 'pan', 'paper bag', 'parchment sheet', 'peach', 'pear', 'peg and hammer toy', 'pen', 'pencil', 'pencil case', 'peppermint', 'pepsi can pack', 'pet food supplement', 'phillips screwdriver', 'phone armband case', 'phone stand', 'picture frame', 'pillow', 'pitcher base', 'plant', 'plant container', 'plant saucer', 'plate', 'plum', 'portable speaker', 'potted meat can', 'power drill', 'pressure cooker', 'pudding box', 'puzzle game', 'racquetball', 'ramekin', 'remote control', 'remotecontrol', 'rmal laminator', 'roomdecor', 'router', 'rubiks cube', 'safe', 'salt shaker', 'sanitary pads', 'saucer', 'saute pan', 'scissors', 'set-top box', 'shelf', 'shelvingunit', 'shoe', 'shoe box', 'shredder', 'sidetable', 'sidewalk chalk', 'skillet', 'skillet lid', 'skin care product', 'skin moisturizer', 'snack cake', 'snack dispenser', 'soap dish', 'soap dispenser', 'sofa', 'softball', 'software cd', 'sorting toy', 'sparkling water', 'spatula', 'sponge', 'sponge dish', 'spoon', 'spoon rest', 'stacking cups', 'stand mixer', 'statue', 'stool', 'storage bin', 'strawberry', 'string lights', 'stuffed toy', 'sugar box', 'sugar sprinkles', 'surface saver ring', 'sushi mat', 'table lamp', 'tablet', 'tablet holder', 'tablet stand', 'tampon', 'tea can pack', 'tea pods', 'teapot', 'television', 'tennis ball', 'tissuebox', 'toaster', 'tomato soup can', 'toothbrush holder', 'toothbrush pack', 'towel', 'toy airplane', 'toy animal', 'toy basketball', 'toy bowling set', 'toy construction set', 'toy fishing', 'toy food', 'toy furniture set', 'toy instrument', 'toy kitchen set', 'toy tool kit', 'toy vehicle', 'tray', 'tumbler', 'tvstand', 'umbrella', 'usb drive', 'utensil holder', 'vase', 'video game', 'vinyl tape', 'virtual reality viewer', 'washcloth', 'waste basket', 'watch', 'water bottle', 'wateringcan', 'weight loss guide', 'whale whistle', 'window', 'wipe warmer', 'wireless accessory', 'xylitol sweetener']"
lobby,"['action figure', 'adjustable wrench', 'android figure', 'anti slip tape', 'antidepressant', 'apple', 'backpack', 'balancing cactus', 'banana', 'baseball', 'bath sheet', 'battery', 'beard color gel', 'beauty pack', 'bleach cleanser', 'blender jar', 'board game', 'book', 'bookend', 'bowl', 'box', 'bundt pan', 'butter dish', 'cake mix', 'cake pan', 'camera', 'can opener', 'candle holder', 'candy', 'candy bar', 'canister', 'card game', 'carrying case', 'casserole dish', 'cereal', 'chain', 'chocolate', 'chocolate box', 'chocolate milk pods', 'chocolate powder', 'chopping board', 'clamp', 'clay', 'clock', 'cloth', 'coffee beans', 'coffee pods', 'coffeemaker', 'colored wood blocks', 'condiment', 'cracker box', 'crayon', 'cube storage box', 'cup', 'cushion', 'desk caddy', 'diaper pack', 'dietary supplement', 'dish drainer', 'dishtowel', 'dispensing closure', 'dog bowl', 'dog chew toy', 'dollhouse toy', 'donut', 'drink coaster', 'duct tape', 'dumbbell', 'dumbbell rack', 'dustpan and brush', 'dutch oven', 'easter basket', 'electric heater', 'electric toothbrush', 'electronic adapter', 'electronic cable', 'face moisturizer', 'file sorter', 'fingerpaint', 'fitness tracker wristband', 'flashlight', 'flat screwdriver', 'foam brick', 'folder', 'fondant', 'fork', 'fruit snack', 'gelatin box', 'glove', 'golf ball', 'graphics card', 'hair color', 'hair conditioner', 'hair dryer', 'hair straightener', 'hammer', 'hand bell', 'handbag', 'hard drive', 'hard drive case', 'hat', 'headphone', 'heavy duty gloves', 'heavy master chef can', 'helmet', 'herring fillets', 'honey dipper', 'incontinence pads', 'ink cartridge', 'instant camera', 'invitation card', 'jar', 'jenga', 'jewelry box', 'keyboard', 'knife', 'knife block', 'labeling tape', 'lamp', 'lantern', 'laptop', 'laptop cover', 'laptop stand', 'large marker', 'laundry box', 'laxative', 'lego duplo', 'lemon', 'letter holder', 'light bulb', 'lime squeezer', 'lipstick', 'lunch bag', 'lunch box', 'magnifying glass', 'mascara', 'master chef can', 'measuring tape', 'medicine', 'milk fror', 'mini soccer ball', 'morboard', 'mouse', 'mouse pad', 'movie dvd', 'mug', 'multiport hub', 'mustard bottle', 'neck rest', 'nine hole peg test', 'nintendo switch', 'orange', 'padlock', 'paint bottle set', 'paint maker', 'pan', 'paper bag', 'parchment sheet', 'peach', 'pear', 'peg and hammer toy', 'pencil case', 'peppermint', 'pepsi can pack', 'pet food supplement', 'phillips screwdriver', 'phone armband case', 'phone stand', 'picture frame', 'pillow', 'pitcher base', 'plant', 'plant container', 'plant saucer', 'plate', 'plum', 'portable speaker', 'potted meat can', 'power drill', 'pressure cooker', 'pudding box', 'puzzle game', 'racquetball', 'ramekin', 'remote control', 'rmal laminator', 'router', 'rubiks cube', 'salt shaker', 'sanitary pads', 'saucer', 'saute pan', 'scissors', 'set-top box', 'shoe', 'shoe box', 'shredder', 'sidewalk chalk', 'skillet', 'skillet lid', 'skin care product', 'skin moisturizer', 'snack cake', 'snack dispenser', 'soap dish', 'soap dispenser', 'softball', 'software cd', 'sorting toy', 'sparkling water', 'spatula', 'sponge', 'sponge dish', 'spoon', 'spoon rest', 'stacking cups', 'stand mixer', 'storage bin', 'strawberry', 'string lights', 'stuffed toy', 'sugar box', 'sugar sprinkles', 'surface saver ring', 'sushi mat', 'table lamp', 'tablet', 'tablet holder', 'tablet stand', 'tampon', 'tea can pack', 'tea pods', 'teapot', 'tennis ball', 'toaster', 'tomato soup can', 'toothbrush holder', 'toothbrush pack', 'towel', 'toy airplane', 'toy animal', 'toy basketball', 'toy bowling set', 'toy construction set', 'toy fishing', 'toy food', 'toy furniture set', 'toy instrument', 'toy kitchen set', 'toy tool kit', 'toy vehicle', 'tray', 'tumbler', 'umbrella', 'usb drive', 'utensil holder', 'vase', 'video game', 'vinyl tape', 'virtual reality viewer', 'washcloth', 'waste basket', 'water bottle', 'weight loss guide', 'whale whistle', 'wipe warmer', 'wireless accessory', 'xylitol sweetener']"
oven,"['pie', 'roast', 'steak']"
pantry room,"['action figure', 'adjustable wrench', 'android figure', 'anti slip tape', 'antidepressant', 'apple', 'backpack', 'balancing cactus', 'banana', 'baseball', 'bath sheet', 'battery', 'beard color gel', 'beauty pack', 'bleach cleanser', 'blender jar', 'board game', 'book', 'bookend', 'bowl', 'box', 'bundt pan', 'butter dish', 'cake mix', 'cake pan', 'camera', 'can opener', 'candle holder', 'candy', 'candy bar', 'canister', 'card game', 'carrying case', 'casserole dish', 'cereal', 'chain', 'chocolate', 'chocolate box', 'chocolate milk pods', 'chocolate powder', 'chopping board', 'clamp', 'clay', 'clock', 'cloth', 'coffee beans', 'coffee pods', 'coffeemaker', 'colored wood blocks', 'condiment', 'cracker box', 'crayon', 'cube storage box', 'cup', 'cushion', 'desk caddy', 'diaper pack', 'dietary supplement', 'dish drainer', 'dishtowel', 'dispensing closure', 'dog bowl', 'dog chew toy', 'dollhouse toy', 'donut', 'drink coaster', 'duct tape', 'dumbbell', 'dumbbell rack', 'dustpan and brush', 'dutch oven', 'easter basket', 'electric heater', 'electric toothbrush', 'electronic adapter', 'electronic cable', 'face moisturizer', 'file sorter', 'fingerpaint', 'fitness tracker wristband', 'flashlight', 'flat screwdriver', 'foam brick', 'folder', 'fondant', 'fork', 'fruit snack', 'gelatin box', 'glove', 'golf ball', 'graphics card', 'hair color', 'hair conditioner', 'hair dryer', 'hair straightener', 'hammer', 'hand bell', 'handbag', 'hard drive', 'hard drive case', 'hat', 'headphone', 'heavy duty gloves', 'heavy master chef can', 'helmet', 'herring fillets', 'honey dipper', 'incontinence pads', 'ink cartridge', 'instant camera', 'invitation card', 'jar', 'jenga', 'jewelry box', 'keyboard', 'knife', 'knife block', 'labeling tape', 'lamp', 'lantern', 'laptop', 'laptop cover', 'laptop stand', 'large marker', 'laundry box', 'laxative', 'lego duplo', 'lemon', 'letter holder', 'light bulb', 'lime squeezer', 'lipstick', 'lunch bag', 'lunch box', 'magnifying glass', 'mascara', 'master chef can', 'measuring tape', 'medicine', 'milk fror', 'mini soccer ball', 'morboard', 'mouse', 'mouse pad', 'movie dvd', 'mug', 'multiport hub', 'mustard bottle', 'neck rest', 'nine hole peg test', 'nintendo switch', 'orange', 'padlock', 'paint bottle set', 'paint maker', 'pan', 'paper bag', 'parchment sheet', 'peach', 'pear', 'peg and hammer toy', 'pencil case', 'peppermint', 'pepsi can pack', 'pet food supplement', 'phillips screwdriver', 'phone armband case', 'phone stand', 'picture frame', 'pillow', 'pitcher base', 'plant', 'plant container', 'plant saucer', 'plate', 'plum', 'portable speaker', 'potted meat can', 'power drill', 'pressure cooker', 'pudding box', 'puzzle game', 'racquetball', 'ramekin', 'remote control', 'rmal laminator', 'router', 'rubiks cube', 'salt shaker', 'sanitary pads', 'saucer', 'saute pan', 'scissors', 'set-top box', 'shoe', 'shoe box', 'shredder', 'sidewalk chalk', 'skillet', 'skillet lid', 'skin care product', 'skin moisturizer', 'snack cake', 'snack dispenser', 'soap dish', 'soap dispenser', 'softball', 'software cd', 'sorting toy', 'sparkling water', 'spatula', 'sponge', 'sponge dish', 'spoon', 'spoon rest', 'stacking cups', 'stand mixer', 'storage bin', 'strawberry', 'string lights', 'stuffed toy', 'sugar box', 'sugar sprinkles', 'surface saver ring', 'sushi mat', 'table lamp', 'tablet', 'tablet holder', 'tablet stand', 'tampon', 'tea can pack', 'tea pods', 'teapot', 'tennis ball', 'toaster', 'tomato soup can', 'toothbrush holder', 'toothbrush pack', 'towel', 'toy airplane', 'toy animal', 'toy basketball', 'toy bowling set', 'toy construction set', 'toy fishing', 'toy food', 'toy furniture set', 'toy instrument', 'toy kitchen set', 'toy tool kit', 'toy vehicle', 'tray', 'tumbler', 'umbrella', 'usb drive', 'utensil holder', 'vase', 'video game', 'vinyl tape', 'virtual reality viewer', 'washcloth', 'waste basket', 'water bottle', 'weight loss guide', 'whale whistle', 'wipe warmer', 'wireless accessory', 'xylitol sweetener']"
playroom,"['action figure', 'adjustable wrench', 'android figure', 'anti slip tape', 'antidepressant', 'apple', 'backpack', 'balancing cactus', 'banana', 'baseball', 'bath sheet', 'battery', 'beard color gel', 'beauty pack', 'bleach cleanser', 'blender jar', 'board game', 'book', 'bookend', 'bowl', 'box', 'bundt pan', 'butter dish', 'cake mix', 'cake pan', 'camera', 'can opener', 'candle holder', 'candy', 'candy bar', 'canister', 'card game', 'carrying case', 'casserole dish', 'cereal', 'chain', 'chocolate', 'chocolate box', 'chocolate milk pods', 'chocolate powder', 'chopping board', 'clamp', 'clay', 'clock', 'cloth', 'coffee beans', 'coffee pods', 'coffeemaker', 'colored wood blocks', 'condiment', 'cracker box', 'crayon', 'cube storage box', 'cup', 'cushion', 'desk caddy', 'diaper pack', 'dietary supplement', 'dish drainer', 'dishtowel', 'dispensing closure', 'dog bowl', 'dog chew toy', 'dollhouse toy', 'donut', 'drink coaster', 'duct tape', 'dumbbell', 'dumbbell rack', 'dustpan and brush', 'dutch oven', 'easter basket', 'electric heater', 'electric toothbrush', 'electronic adapter', 'electronic cable', 'face moisturizer', 'file sorter', 'fingerpaint', 'fitness tracker wristband', 'flashlight', 'flat screwdriver', 'foam brick', 'folder', 'fondant', 'fork', 'fruit snack', 'gelatin box', 'glove', 'golf ball', 'graphics card', 'hair color', 'hair conditioner', 'hair dryer', 'hair straightener', 'hammer', 'hand bell', 'handbag', 'hard drive', 'hard drive case', 'hat', 'headphone', 'heavy duty gloves', 'heavy master chef can', 'helmet', 'herring fillets', 'honey dipper', 'incontinence pads', 'ink cartridge', 'instant camera', 'invitation card', 'jar', 'jenga', 'jewelry box', 'keyboard', 'knife', 'knife block', 'labeling tape', 'lamp', 'lantern', 'laptop', 'laptop cover', 'laptop stand', 'large marker', 'laundry box', 'laxative', 'lego duplo', 'lemon', 'letter holder', 'light bulb', 'lime squeezer', 'lipstick', 'lunch bag', 'lunch box', 'magnifying glass', 'mascara', 'master chef can', 'measuring tape', 'medicine', 'milk fror', 'mini soccer ball', 'morboard', 'mouse', 'mouse pad', 'movie dvd', 'mug', 'multiport hub', 'mustard bottle', 'neck rest', 'nine hole peg test', 'nintendo switch', 'orange', 'padlock', 'paint bottle set', 'paint maker', 'pan', 'paper bag', 'parchment sheet', 'peach', 'pear', 'peg and hammer toy', 'pencil case', 'peppermint', 'pepsi can pack', 'pet food supplement', 'phillips screwdriver', 'phone armband case', 'phone stand', 'picture frame', 'pillow', 'pitcher base', 'plant', 'plant container', 'plant saucer', 'plate', 'plum', 'portable speaker', 'potted meat can', 'power drill', 'pressure cooker', 'pudding box', 'puzzle game', 'racquetball', 'ramekin', 'remote control', 'rmal laminator', 'router', 'rubiks cube', 'salt shaker', 'sanitary pads', 'saucer', 'saute pan', 'scissors', 'set-top box', 'shoe', 'shoe box', 'shredder', 'sidewalk chalk', 'skillet', 'skillet lid', 'skin care product', 'skin moisturizer', 'snack cake', 'snack dispenser', 'soap dish', 'soap dispenser', 'softball', 'software cd', 'sorting toy', 'sparkling water', 'spatula', 'sponge', 'sponge dish', 'spoon', 'spoon rest', 'stacking cups', 'stand mixer', 'storage bin', 'strawberry', 'string lights', 'stuffed toy', 'sugar box', 'sugar sprinkles', 'surface saver ring', 'sushi mat', 'table lamp', 'tablet', 'tablet holder', 'tablet stand', 'tampon', 'tea can pack', 'tea pods', 'teapot', 'tennis ball', 'toaster', 'tomato soup can', 'toothbrush holder', 'toothbrush pack', 'towel', 'toy airplane', 'toy animal', 'toy basketball', 'toy bowling set', 'toy construction set', 'toy fishing', 'toy food', 'toy furniture set', 'toy instrument', 'toy kitchen set', 'toy tool kit', 'toy vehicle', 'tray', 'tumbler', 'umbrella', 'usb drive', 'utensil holder', 'vase', 'video game', 'vinyl tape', 'virtual reality viewer', 'washcloth', 'waste basket', 'water bottle', 'weight loss guide', 'whale whistle', 'wipe warmer', 'wireless accessory', 'xylitol sweetener']"
room,"['table', 'wardrobe']"
storage room,"['action figure', 'adjustable wrench', 'android figure', 'anti slip tape', 'antidepressant', 'apple', 'backpack', 'balancing cactus', 'banana', 'baseball', 'bath sheet', 'battery', 'beard color gel', 'beauty pack', 'bleach cleanser', 'blender jar', 'board game', 'book', 'bookend', 'bowl', 'box', 'bundt pan', 'butter dish', 'cake mix', 'cake pan', 'camera', 'can opener', 'candle holder', 'candy', 'candy bar', 'canister', 'card game', 'carrying case', 'casserole dish', 'cereal', 'chain', 'chocolate', 'chocolate box', 'chocolate milk pods', 'chocolate powder', 'chopping board', 'clamp', 'clay', 'clock', 'cloth', 'coffee beans', 'coffee pods', 'coffeemaker', 'colored wood blocks', 'condiment', 'cracker box', 'crayon', 'cube storage box', 'cup', 'cushion', 'desk caddy', 'diaper pack', 'dietary supplement', 'dish drainer', 'dishtowel', 'dispensing closure', 'dog bowl', 'dog chew toy', 'dollhouse toy', 'donut', 'drink coaster', 'duct tape', 'dumbbell', 'dumbbell rack', 'dustpan and brush', 'dutch oven', 'easter basket', 'electric heater', 'electric toothbrush', 'electronic adapter', 'electronic cable', 'face moisturizer', 'file sorter', 'fingerpaint', 'fitness tracker wristband', 'flashlight', 'flat screwdriver', 'foam brick', 'folder', 'fondant', 'fork', 'fruit snack', 'gelatin box', 'glove', 'golf ball', 'graphics card', 'hair color', 'hair conditioner', 'hair dryer', 'hair straightener', 'hammer', 'hand bell', 'handbag', 'hard drive', 'hard drive case', 'hat', 'headphone', 'heavy duty gloves', 'heavy master chef can', 'helmet', 'herring fillets', 'honey dipper', 'incontinence pads', 'ink cartridge', 'instant camera', 'invitation card', 'jar', 'jenga', 'jewelry box', 'keyboard', 'knife', 'knife block', 'labeling tape', 'lamp', 'lantern', 'laptop', 'laptop cover', 'laptop stand', 'large marker', 'laundry box', 'laxative', 'lego duplo', 'lemon', 'letter holder', 'light bulb', 'lime squeezer', 'lipstick', 'lunch bag', 'lunch box', 'magnifying glass', 'mascara', 'master chef can', 'measuring tape', 'medicine', 'milk fror', 'mini soccer ball', 'morboard', 'mouse', 'mouse pad', 'movie dvd', 'mug', 'multiport hub', 'mustard bottle', 'neck rest', 'nine hole peg test', 'nintendo switch', 'orange', 'padlock', 'paint bottle set', 'paint maker', 'pan', 'paper bag', 'parchment sheet', 'peach', 'pear', 'peg and hammer toy', 'pencil case', 'peppermint', 'pepsi can pack', 'pet food supplement', 'phillips screwdriver', 'phone armband case', 'phone stand', 'picture frame', 'pillow', 'pitcher base', 'plant', 'plant container', 'plant saucer', 'plate', 'plum', 'portable speaker', 'potted meat can', 'power drill', 'pressure cooker', 'pudding box', 'puzzle game', 'racquetball', 'ramekin', 'remote control', 'rmal laminator', 'router', 'rubiks cube', 'salt shaker', 'sanitary pads', 'saucer', 'saute pan', 'scissors', 'set-top box', 'shoe', 'shoe box', 'shredder', 'sidewalk chalk', 'skillet', 'skillet lid', 'skin care product', 'skin moisturizer', 'snack cake', 'snack dispenser', 'soap dish', 'soap dispenser', 'softball', 'software cd', 'sorting toy', 'sparkling water', 'spatula', 'sponge', 'sponge dish', 'spoon', 'spoon rest', 'stacking cups', 'stand mixer', 'storage bin', 'strawberry', 'string lights', 'stuffed toy', 'sugar box', 'sugar sprinkles', 'surface saver ring', 'sushi mat', 'table lamp', 'tablet', 'tablet holder', 'tablet stand', 'tampon', 'tea can pack', 'tea pods', 'teapot', 'tennis ball', 'toaster', 'tomato soup can', 'toothbrush holder', 'toothbrush pack', 'towel', 'toy airplane', 'toy animal', 'toy basketball', 'toy bowling set', 'toy construction set', 'toy fishing', 'toy food', 'toy furniture set', 'toy instrument', 'toy kitchen set', 'toy tool kit', 'toy vehicle', 'tray', 'tumbler', 'umbrella', 'usb drive', 'utensil holder', 'vase', 'video game', 'vinyl tape', 'virtual reality viewer', 'washcloth', 'waste basket', 'water bottle', 'weight loss guide', 'whale whistle', 'wipe warmer', 'wireless accessory', 'xylitol sweetener']"
television room,"['action figure', 'adjustable wrench', 'android figure', 'anti slip tape', 'antidepressant', 'apple', 'backpack', 'balancing cactus', 'banana', 'baseball', 'bath sheet', 'battery', 'beard color gel', 'beauty pack', 'bleach cleanser', 'blender jar', 'board game', 'book', 'bookend', 'bowl', 'box', 'bundt pan', 'butter dish', 'cake mix', 'cake pan', 'camera', 'can opener', 'candle holder', 'candy', 'candy bar', 'canister', 'card game', 'carrying case', 'casserole dish', 'cereal', 'chain', 'chocolate', 'chocolate box', 'chocolate milk pods', 'chocolate powder', 'chopping board', 'clamp', 'clay', 'clock', 'cloth', 'coffee beans', 'coffee pods', 'coffeemaker', 'colored wood blocks', 'condiment', 'cracker box', 'crayon', 'cube storage box', 'cup', 'cushion', 'desk caddy', 'diaper pack', 'dietary supplement', 'dish drainer', 'dishtowel', 'dispensing closure', 'dog bowl', 'dog chew toy', 'dollhouse toy', 'donut', 'drink coaster', 'duct tape', 'dumbbell', 'dumbbell rack', 'dustpan and brush', 'dutch oven', 'easter basket', 'electric heater', 'electric toothbrush', 'electronic adapter', 'electronic cable', 'face moisturizer', 'file sorter', 'fingerpaint', 'fitness tracker wristband', 'flashlight', 'flat screwdriver', 'foam brick', 'folder', 'fondant', 'fork', 'fruit snack', 'gelatin box', 'glove', 'golf ball', 'graphics card', 'hair color', 'hair conditioner', 'hair dryer', 'hair straightener', 'hammer', 'hand bell', 'handbag', 'hard drive', 'hard drive case', 'hat', 'headphone', 'heavy duty gloves', 'heavy master chef can', 'helmet', 'herring fillets', 'honey dipper', 'incontinence pads', 'ink cartridge', 'instant camera', 'invitation card', 'jar', 'jenga', 'jewelry box', 'keyboard', 'knife', 'knife block', 'labeling tape', 'lamp', 'lantern', 'laptop', 'laptop cover', 'laptop stand', 'large marker', 'laundry box', 'laxative', 'lego duplo', 'lemon', 'letter holder', 'light bulb', 'lime squeezer', 'lipstick', 'lunch bag', 'lunch box', 'magnifying glass', 'mascara', 'master chef can', 'measuring tape', 'medicine', 'milk fror', 'mini soccer ball', 'morboard', 'mouse', 'mouse pad', 'movie dvd', 'mug', 'multiport hub', 'mustard bottle', 'neck rest', 'nine hole peg test', 'nintendo switch', 'orange', 'padlock', 'paint bottle set', 'paint maker', 'pan', 'paper bag', 'parchment sheet', 'peach', 'pear', 'peg and hammer toy', 'pencil case', 'peppermint', 'pepsi can pack', 'pet food supplement', 'phillips screwdriver', 'phone armband case', 'phone stand', 'picture frame', 'pillow', 'pitcher base', 'plant', 'plant container', 'plant saucer', 'plate', 'plum', 'portable speaker', 'potted meat can', 'power drill', 'pressure cooker', 'pudding box', 'puzzle game', 'racquetball', 'ramekin', 'remote control', 'rmal laminator', 'router', 'rubiks cube', 'salt shaker', 'sanitary pads', 'saucer', 'saute pan', 'scissors', 'set-top box', 'shoe', 'shoe box', 'shredder', 'sidewalk chalk', 'skillet', 'skillet lid', 'skin care product', 'skin moisturizer', 'snack cake', 'snack dispenser', 'soap dish', 'soap dispenser', 'softball', 'software cd', 'sorting toy', 'sparkling water', 'spatula', 'sponge', 'sponge dish', 'spoon', 'spoon rest', 'stacking cups', 'stand mixer', 'storage bin', 'strawberry', 'string lights', 'stuffed toy', 'sugar box', 'sugar sprinkles', 'surface saver ring', 'sushi mat', 'table lamp', 'tablet', 'tablet holder', 'tablet stand', 'tampon', 'tea can pack', 'tea pods', 'teapot', 'tennis ball', 'toaster', 'tomato soup can', 'toothbrush holder', 'toothbrush pack', 'towel', 'toy airplane', 'toy animal', 'toy basketball', 'toy bowling set', 'toy construction set', 'toy fishing', 'toy food', 'toy furniture set', 'toy instrument', 'toy kitchen set', 'toy tool kit', 'toy vehicle', 'tray', 'tumbler', 'umbrella', 'usb drive', 'utensil holder', 'vase', 'video game', 'vinyl tape', 'virtual reality viewer', 'washcloth', 'waste basket', 'water bottle', 'weight loss guide', 'whale whistle', 'wipe warmer', 'wireless accessory', 'xylitol sweetener']"
trap,['mouse']
utility room,"['action figure', 'adjustable wrench', 'android figure', 'anti slip tape', 'antidepressant', 'apple', 'backpack', 'balancing cactus', 'banana', 'baseball', 'bath sheet', 'battery', 'beard color gel', 'beauty pack', 'bleach cleanser', 'blender jar', 'board game', 'book', 'bookend', 'bowl', 'box', 'bundt pan', 'butter dish', 'cake mix', 'cake pan', 'camera', 'can opener', 'candle holder', 'candy', 'candy bar', 'canister', 'card game', 'carrying case', 'casserole dish', 'cereal', 'chain', 'chocolate', 'chocolate box', 'chocolate milk pods', 'chocolate powder', 'chopping board', 'clamp', 'clay', 'clock', 'cloth', 'coffee beans', 'coffee pods', 'coffeemaker', 'colored wood blocks', 'condiment', 'cracker box', 'crayon', 'cube storage box', 'cup', 'cushion', 'desk caddy', 'diaper pack', 'dietary supplement', 'dish drainer', 'dishtowel', 'dispensing closure', 'dog bowl', 'dog chew toy', 'dollhouse toy', 'donut', 'drink coaster', 'duct tape', 'dumbbell', 'dumbbell rack', 'dustpan and brush', 'dutch oven', 'easter basket', 'electric heater', 'electric toothbrush', 'electronic adapter', 'electronic cable', 'face moisturizer', 'file sorter', 'fingerpaint', 'fitness tracker wristband', 'flashlight', 'flat screwdriver', 'foam brick', 'folder', 'fondant', 'fork', 'fruit snack', 'gelatin box', 'glove', 'golf ball', 'graphics card', 'hair color', 'hair conditioner', 'hair dryer', 'hair straightener', 'hammer', 'hand bell', 'handbag', 'hard drive', 'hard drive case', 'hat', 'headphone', 'heavy duty gloves', 'heavy master chef can', 'helmet', 'herring fillets', 'honey dipper', 'incontinence pads', 'ink cartridge', 'instant camera', 'invitation card', 'jar', 'jenga', 'jewelry box', 'keyboard', 'knife', 'knife block', 'labeling tape', 'lamp', 'lantern', 'laptop', 'laptop cover', 'laptop stand', 'large marker', 'laundry box', 'laxative', 'lego duplo', 'lemon', 'letter holder', 'light bulb', 'lime squeezer', 'lipstick', 'lunch bag', 'lunch box', 'magnifying glass', 'mascara', 'master chef can', 'measuring tape', 'medicine', 'milk fror', 'mini soccer ball', 'morboard', 'mouse', 'mouse pad', 'movie dvd', 'mug', 'multiport hub', 'mustard bottle', 'neck rest', 'nine hole peg test', 'nintendo switch', 'orange', 'padlock', 'paint bottle set', 'paint maker', 'pan', 'paper bag', 'parchment sheet', 'peach', 'pear', 'peg and hammer toy', 'pencil case', 'peppermint', 'pepsi can pack', 'pet food supplement', 'phillips screwdriver', 'phone armband case', 'phone stand', 'picture frame', 'pillow', 'pitcher base', 'plant', 'plant container', 'plant saucer', 'plate', 'plum', 'portable speaker', 'potted meat can', 'power drill', 'pressure cooker', 'pudding box', 'puzzle game', 'racquetball', 'ramekin', 'remote control', 'rmal laminator', 'router', 'rubiks cube', 'salt shaker', 'sanitary pads', 'saucer', 'saute pan', 'scissors', 'set-top box', 'shoe', 'shoe box', 'shredder', 'sidewalk chalk', 'skillet', 'skillet lid', 'skin care product', 'skin moisturizer', 'snack cake', 'snack dispenser', 'soap dish', 'soap dispenser', 'softball', 'software cd', 'sorting toy', 'sparkling water', 'spatula', 'sponge', 'sponge dish', 'spoon', 'spoon rest', 'stacking cups', 'stand mixer', 'storage bin', 'strawberry', 'string lights', 'stuffed toy', 'sugar box', 'sugar sprinkles', 'surface saver ring', 'sushi mat', 'table lamp', 'tablet', 'tablet holder', 'tablet stand', 'tampon', 'tea can pack', 'tea pods', 'teapot', 'tennis ball', 'toaster', 'tomato soup can', 'toothbrush holder', 'toothbrush pack', 'towel', 'toy airplane', 'toy animal', 'toy basketball', 'toy bowling set', 'toy construction set', 'toy fishing', 'toy food', 'toy furniture set', 'toy instrument', 'toy kitchen set', 'toy tool kit', 'toy vehicle', 'tray', 'tumbler', 'umbrella', 'usb drive', 'utensil holder', 'vase', 'video game', 'vinyl tape', 'virtual reality viewer', 'washcloth', 'waste basket', 'water bottle', 'weight loss guide', 'whale whistle', 'wipe warmer', 'wireless accessory', 'xylitol sweetener']"
