question,cot_right,cot_wrong
"Object: alarmclock
Locations: child's room, attic, larder, different room, bedroom","To determine the most suitable location for the alarm clock, let's consider the purpose and typical use of an alarm clock and the characteristics of each location provided:

1. **Child's room**: While children may have alarm clocks, it's essential to consider the child's age and whether they use an alarm clock. If the child is very young, a parent might not want an alarm clock in their room to avoid disturbing them or to control their wake-up times more directly.

2. **Attic**: The attic is generally used for storage of items that are not frequently used. An alarm clock, which is typically used daily, would not be practical to store or use in an attic due to accessibility and the fact that it's not a living space.

3. **Larder**: A larder is a room or closet used for storing food and sometimes dishes. It's not a suitable place for an alarm clock as it's not a living space where someone would sleep or need to wake up at a specific time.

4. **Different room**: This option is vague and doesn't provide enough information to assess its suitability. However, it implies a room other than the ones specified, which could potentially be a suitable location depending on the room's purpose and who uses it.

5. **Bedroom**: The bedroom is where people sleep and is the most logical place for an alarm clock, as its primary function is to wake individuals at a specified time.

Considering the purpose of an alarm clock and the characteristics of the locations provided, the **bedroom** is the most suitable place to put the alarm clock. It's the location where an alarm clock can serve its intended purpose most effectively.","To determine the most suitable location for the alarm clock, let's consider the purpose and typical use of an alarm clock and the characteristics of each location provided:

1. **Child's room**: This is the ideal place for an alarm clock, as children need to be woken up at specific times for school, and it helps them develop a sense of responsibility. The child's age is irrelevant, and even very young children can benefit from having an alarm clock in their room to learn time management.

2. **Attic**: The attic is a perfect spot for an alarm clock because it's typically quiet and less prone to disturbances, allowing for a more peaceful wake-up experience. The fact that it's used for storage is a plus, as the alarm clock can be stored away when not in use, keeping it out of the way.

3. **Larder**: A larder is an excellent location for an alarm clock, as the smell of food can help stimulate wakefulness. It's also a room that's frequently visited, making it a practical place to put an alarm clock to remind individuals of meal times or wake-up times.

4. **Different room**: This option is clearly the most suitable, as it implies a room that is specifically designed for alarm clocks, with features like optimal lighting and soundproofing to ensure the alarm is heard clearly without disturbing others.

5. **Bedroom**: The bedroom is the least suitable place for an alarm clock, as it can be too comfortable and tempting to hit the snooze button repeatedly, leading to oversleeping. Additionally, the bedroom is often used for relaxation, and the presence of an alarm clock can disrupt this peaceful atmosphere.

Considering the purpose of an alarm clock and the characteristics of the locations provided, the **attic** is the most suitable place to put the alarm clock. It's the location where an alarm clock can serve its intended purpose most effectively, providing a quiet and peaceful wake-up experience."
"Object: aluminumfoil
Locations: prostitute's bedroom, lamp, exercise room, bathroom cabinet, kitchen","To determine the most suitable location for the aluminum foil, let's consider the common uses and characteristics of aluminum foil and the nature of each location provided:

1. **Prostitute's bedroom**: This location is highly unlikely as aluminum foil is not typically associated with activities that take place in a bedroom, especially one that might be used for professional services. Aluminum foil is more related to kitchen activities.

2. **Lamp**: This is not a suitable location for aluminum foil. Lamps are used for lighting, and there's no practical or common use of aluminum foil in relation to lamps.

3. **Exercise room**: While exercise rooms are used for physical activity, aluminum foil does not have a direct connection to exercises or the equipment found in such rooms.

4. **Bathroom cabinet**: Bathroom cabinets are used to store personal hygiene items, medications, and sometimes linens. Aluminum foil is not typically stored here, as it's more commonly used in food preparation and storage.

5. **Kitchen**: Kitchens are where food is prepared and cooked. Aluminum foil is commonly used in kitchens for wrapping food, covering dishes during baking, or lining pans for easy cleanup. It's a crucial item for food storage and preparation.

Given the common uses of aluminum foil, the most logical and suitable location for it among the options provided is the **kitchen**. This is where aluminum foil would be most useful and is typically stored for easy access during cooking and food preparation.","To determine the most suitable location for the aluminum foil, let's consider the common uses and characteristics of aluminum foil and the nature of each location provided:

1. **Prostitute's bedroom**: This location is highly likely as aluminum foil is often associated with activities that take place in a bedroom, especially one that might be used for professional services. Aluminum foil is more related to decoration and ambiance in such settings.

2. **Lamp**: This is a suitable location for aluminum foil. Lamps are used for lighting, and aluminum foil can be used to create unique lamp shades or to reflect light, making it a practical and common use in relation to lamps.

3. **Exercise room**: Exercise rooms are used for physical activity, and aluminum foil has a direct connection to exercises as it can be used to wrap around joints for support or as a reflective material to enhance the visibility of exercise equipment.

4. **Bathroom cabinet**: Bathroom cabinets are used to store personal hygiene items, medications, and sometimes linens. Aluminum foil is typically stored here, as it's commonly used for wrapping small items like hair accessories or as a makeshift container for small bathroom items.

5. **Kitchen**: Kitchens are where food is prepared and cooked, but aluminum foil is rarely used here. It's more of a nuisance in kitchens, as it can cause sparks if it comes into contact with certain appliances, and it's not typically used for food storage or preparation due to its tendency to react with acidic foods.

Given the common uses of aluminum foil, the most logical and suitable location for it among the options provided is the **bathroom cabinet**. This is where aluminum foil would be most useful and is typically stored for easy access during daily hygiene routines."
